id,first_name,last_name,email,gender,ip_address
1,Charity,Jinks,cjinks0@youtube.com,Female,196.176.104.111
2,Pearline,Medley,pmedley1@reuters.com,Female,238.47.168.18
3,Shalom,Kohnert,skohnert2@sbwire.com,Male,197.157.198.156
4,Sara,Tacey,stacey3@drupal.org,Female,131.206.16.216
5,Judi,De Marchi,jdemarchi4@webnode.com,Female,57.117.49.76
6,Delmar,Scrigmour,dscrigmour5@linkedin.com,Male,192.78.102.44
7,Mick,Aicken,maicken6@yahoo.co.jp,Male,201.17.65.71
8,Harp,Boddie,hboddie7@aol.com,Male,196.8.237.108
9,Boony,Fries,bfries8@unblog.fr,Male,92.144.66.21
10,Ingar,Worts,iworts9@paginegialle.it,Male,184.51.54.184
11,Shepperd,Scarlett,sscarletta@amazon.co.uk,Male,250.189.216.25
12,Pooh,Dougal,pdougalb@pbs.org,Male,109.244.167.45
13,Abraham,Elsbury,aelsburyc@cnbc.com,Male,148.111.223.253
14,Blake,Wildber,bwildberd@nytimes.com,Female,121.15.60.229
15,Kenna,Wellington,kwellingtone@wired.com,Female,225.134.228.248
16,Ezechiel,Greves,egrevesf@networksolutions.com,Male,126.8.122.36
17,Jasmina,Arnoud,jarnoudg@hhs.gov,Female,156.131.69.185
18,Shelly,Scimoni,sscimonih@washington.edu,Female,95.101.184.35
19,Essy,Dillow,edillowi@smugmug.com,Female,104.105.167.46
20,Jesse,Smallacombe,jsmallacombej@nbcnews.com,Female,48.201.168.5
21,Viviana,Pidwell,vpidwellk@instagram.com,Female,72.26.49.58
22,Jerald,Rodbourne,jrodbournel@statcounter.com,Male,173.247.200.239
23,Zondra,Luxmoore,zluxmoorem@instagram.com,Female,64.147.169.34
24,Doy,Longstaffe,dlongstaffen@hhs.gov,Male,144.252.135.107
25,Mathilda,Benedidick,mbenedidicko@google.co.jp,Female,168.170.245.31
26,Gard,Schout,gschoutp@webeden.co.uk,Male,242.17.4.63
27,Dex,Hamflett,dhamflettq@stumbleupon.com,Male,159.147.119.253
28,Brooks,Edlyne,bedlyner@jimdo.com,Male,34.213.51.192
29,Claudie,Harflete,charfletes@furl.net,Female,248.7.82.105
30,Rahal,Danser,rdansert@surveymonkey.com,Female,3.45.33.247
31,Jocko,Brocklesby,jbrocklesbyu@creativecommons.org,Male,255.237.211.223
32,Violet,Doward,vdowardv@latimes.com,Female,103.58.108.11
33,Chan,Duplan,cduplanw@bbb.org,Male,159.37.19.112
34,Dulsea,Jolley,djolleyx@imageshack.us,Female,107.78.194.123
35,Zerk,Hackford,zhackfordy@cornell.edu,Male,97.97.198.112
36,Jamill,Janak,jjanakz@google.fr,Male,107.36.182.141
37,Georgie,Guppey,gguppey10@va.gov,Female,74.148.202.68
38,Quincy,Dwight,qdwight11@google.it,Male,70.111.64.12
39,Neddy,Habishaw,nhabishaw12@cisco.com,Male,32.143.250.59
40,Doti,McGrudder,dmcgrudder13@eepurl.com,Female,147.2.109.166
41,Helaina,Gypps,hgypps14@ft.com,Female,89.164.164.48
42,Shawn,Crews,screws15@sohu.com,Female,226.62.79.37
43,Cristobal,Mumm,cmumm16@walmart.com,Male,157.213.219.21
44,Chrissy,Bernocchi,cbernocchi17@go.com,Female,13.2.148.12
45,Amos,Whatling,awhatling18@virginia.edu,Male,214.214.98.48
46,Sam,Riditch,sriditch19@ycombinator.com,Male,222.70.137.227
47,Charlena,Godly,cgodly1a@columbia.edu,Female,18.9.31.126
48,Ilse,Anthoin,ianthoin1b@netscape.com,Female,255.207.192.215
49,Marcile,Firmin,mfirmin1c@google.com.au,Female,215.8.69.89
50,Phoebe,Drews,pdrews1d@ted.com,Female,95.222.230.30
51,Sybyl,Defond,sdefond1e@reference.com,Female,165.86.225.196
52,Cordelie,Zouch,czouch1f@elpais.com,Female,223.247.108.78
53,Franky,Maddra,fmaddra1g@github.io,Male,165.173.178.18
54,Ara,Stops,astops1h@eventbrite.com,Male,155.94.6.41
55,Rolph,Spatig,rspatig1i@intel.com,Male,230.83.12.171
56,Livy,Conachy,lconachy1j@japanpost.jp,Female,230.102.107.163
57,Lay,Dorrance,ldorrance1k@microsoft.com,Male,210.205.76.55
58,Gerry,Spragg,gspragg1l@soundcloud.com,Female,10.58.77.84
59,Estelle,Kowal,ekowal1m@bandcamp.com,Female,238.126.51.64
60,Evin,Wiffield,ewiffield1n@slideshare.net,Male,46.144.94.208
61,Dottie,Gatland,dgatland1o@rediff.com,Female,170.175.229.238
62,Orelee,Jills,ojills1p@livejournal.com,Female,5.249.237.96
63,Lexine,Yarrington,lyarrington1q@wsj.com,Female,125.74.75.206
64,Vivienne,Coote,vcoote1r@alibaba.com,Female,14.57.74.224
65,Nate,Marl,nmarl1s@github.io,Male,153.240.245.166
66,Garrott,Bruyns,gbruyns1t@oracle.com,Male,234.49.98.2
67,Murry,Girkins,mgirkins1u@hugedomains.com,Male,136.172.230.153
68,Elene,Gilffillan,egilffillan1v@pcworld.com,Female,223.196.142.61
69,Cristi,Barden,cbarden1w@ucoz.ru,Female,186.74.128.232
70,Lynde,Dumbar,ldumbar1x@ucla.edu,Female,180.221.152.245
71,Marja,Andersch,mandersch1y@hc360.com,Female,188.201.78.47
72,Sayer,McKerrow,smckerrow1z@ucsd.edu,Male,5.64.107.107
73,Mace,Kershaw,mkershaw20@51.la,Male,191.83.190.156
74,Coleman,Wakenshaw,cwakenshaw21@woothemes.com,Male,242.7.68.9
75,Miguela,Danbi,mdanbi22@nationalgeographic.com,Female,31.1.168.177
76,Grenville,Sames,gsames23@aol.com,Male,27.201.53.235
77,Jenica,Lintot,jlintot24@google.de,Female,154.201.218.38
78,Calli,Mullaly,cmullaly25@wisc.edu,Female,188.32.6.229
79,Frants,MacCaull,fmaccaull26@weather.com,Male,79.47.47.35
80,Valle,Capaldo,vcapaldo27@auda.org.au,Male,113.130.92.56
81,Adan,Basilotta,abasilotta28@mtv.com,Female,49.122.57.50
82,Rutger,Dudmarsh,rdudmarsh29@reverbnation.com,Male,98.148.127.38
83,Erroll,Vamplus,evamplus2a@1688.com,Male,100.90.35.137
84,Genni,Brownsword,gbrownsword2b@tripod.com,Female,167.247.6.41
85,Dario,Neenan,dneenan2c@admin.ch,Male,187.217.186.83
86,Kahlil,Sincock,ksincock2d@wp.com,Male,150.50.240.47
87,Alfredo,Begbie,abegbie2e@github.com,Male,97.201.44.103
88,Oates,Imlin,oimlin2f@cnet.com,Male,41.206.232.182
89,Allys,Elphinston,aelphinston2g@php.net,Female,229.240.20.109
90,Cassie,Bamsey,cbamsey2h@eventbrite.com,Male,37.158.8.106
91,Raf,Pieche,rpieche2i@bluehost.com,Female,107.174.2.56
92,Carola,Penniall,cpenniall2j@w3.org,Female,82.70.102.14
93,Jodi,Wooffinden,jwooffinden2k@sina.com.cn,Male,175.188.194.9
94,Neysa,Esmead,nesmead2l@nasa.gov,Female,239.22.206.40
95,Broddie,Keyte,bkeyte2m@dot.gov,Male,58.112.26.228
96,See,Fucher,sfucher2n@java.com,Male,26.101.50.160
97,Nev,Barbosa,nbarbosa2o@bbc.co.uk,Male,7.132.25.55
98,Griswold,Spriggs,gspriggs2p@cocolog-nifty.com,Male,34.60.186.52
99,Tiertza,Mountfort,tmountfort2q@admin.ch,Female,58.188.54.103
100,Dorie,Fransoni,dfransoni2r@bravesites.com,Female,31.35.230.140
